Название на сайте;Код товар;
Варенье из рябины, облепихи, лимонника;1006;0,41
Гель для укладки волос "Лимон" с эффектом "мокрых волос";1205;снято
Сливки для ухода за кожей рук "Принцесса";1230;снято
Набор мыла "Почтовый. Севастополь. Коллаж";1233;снято
Набор мыла "Почтовый. Севастополь";1234;снято
Тоник-спрей "FIX STYLE" для укладки и ухода за волосами;1334;0,15
Гель для укладки волос "Мандарин" легкой фиксации;1354;снято
Гель для укладки волос "Лайм" средней фиксации;1355;снято
Гель для укладки волос "Грейпфрут" сильной фиксации;1356;снято
Набор мыла "Почтовый. Южный берег Крыма. Коллаж";1454;снято
Ароматическая вода для кожи и волос "Принцесса";1668;снято
Аромамедальон "От сглаза";177;снято
Аромамедальон "Флирт";179;снято
Аромат удачи и богатства;180;снято
"Секрет обольщения";181;снято
Набор мыла "Почтовый. Алупка";1815;снято
Набор мыла "Почтовый. Аю-Даг";1816;снято
Набор мыла "Почтовый. Бахчисарай";1817;снято
Набор мыла "Почтовый. Кара-Даг";1818;снято
Набор мыла "Почтовый. Ливадия";1819;снято
Набор мыла "Почтовый. Новый Свет";1820;снято
Набор мыла "Почтовый. Ялта";1821;снято
Бальзам "При насморке" ;183;0,008
Тоник для снятия макияжа с протеинами риса "4 Seasons Care";1860;0,23
Парфюмерная композиция "Армани";187;снято
Парфюмерная композиция "Burberry Weekend";189;снято
Парфюмерная композиция "BVLGARI Omnia Chrystalline";190;снято
Парфюмерная композиция "Бьюти";191;снято
Парфюмерная композиция "Valentino";192;снято
Парфюмерная композиция "Versace Bright Chrystal";193;снято
Парфюмерная композиция "Davidoff Cool Wate";194;снято
Парфюмерная композиция "DKNY Be Delicious";196;снято
Парфюмерная композиция "Carolina Herrera 212";197;снято
Парфюмерная композиция "Кензо";198;снято
Парфюмерная композиция "Сoco Mademoiselle";199;снято
Парфюмерная композиция "Moschino I Love Love";200;снято
Парфюмерная композиция "Naomi Campbell Sunset";201;снято
Парфюмерная композиция "NOA Cacharel";202;снято
Набор мыла "Почтовый. Восточный Крым. Коллаж";2028;снято
Набор мыла "Почтовый. Евпатория";2029;снято
Парфюмерная композиция "Опиум";203;снято
Набор мыла "Почтовый. Западный Крым. Коллаж";2030;снято
Набор мыла "Почтовый. Керчь";2031;снято
Набор мыла "Почтовый. Феодосия";2032;снято
Парфюмерная композиция "HUGO Deep Red";204;снято
Парфюмерная композиция "Elizabeth Arden 5th Avenu";206;снято
Парфюмерная композиция "ESCADA Ibiza Hippie";207;снято
Ароматизатор "Чайная роза";208;Снято 
Ароматизатор "Мускатель";209;Снято
Сахарный скраб для лица и тела "Мускатный орех";2121;0,46
Апельсина сладкого эфирное масло ;2165;0,011
Свеча ароматическая  "Аромат любви";238;Снято
Свеча ароматическая  "Хвойный аромат";240;Снято
Свеча ароматическая "Аромат южной ночи";241;Снято
Свеча ароматическая  "Новогодняя";243;Снято
Эфирное масло иссопа;25;0,033
Гель для ухода за зрелой кожей лица "ANTIAGE";250;0,069
Расслабляющий бальзам;262;0,034
Ароматическая вода "Блюз" для нормальной кожи;300;снято
Косметическая присыпка "Лаванда";347;снято
Косметическая присыпка "Роза";348;снято
Косметическая присыпка "Розмарин";349;снято
Косметическая присыпка "Цитрус";350;снято
Косметическая присыпка "Чабрец";351;снято
Апельсина горького эфирное масло;473;0,008
Базилика эфирное масло;475;0,008
Бергамота эфирное масло;476;снято
Вербены лимонной эфирное масло;478;снято
Лаванды эфирное масло;485;снято
Сандалового дерева эфирное масло;502;снято
Набор композиций эфирных масел "Для женщин";513;снято
"Для водителей";516;снято
Бархатцев эфирное масло;520;0,008
Аира эфирное масло;522;0,008
Кедра эфирное масло;528;снято
Мяты эфирное масло;536;снято
"Ароматы любви";546;снято
Ароматизатор "Ваниль";590;снято
Ароматизатор "Мимоза";596;снято
Ароматизатор "Груша";605;снято
Гель для душа «Бодрость»;616;снято
Гель для душа «Свежесть»;618;снято
Гель для душа «Травяной коктейль»;619;снято
Гель для душа «Морской бриз»;620;снято
Гель для душа «Интим»;621;снято
Шампунь для  всех типов волос «Бодрость»;622;снято
Детский шампунь «Грязнулька»;623;снято
Шампунь-кондиционер для мужчин;624;снято
Детский шампунь «Капризулька»;625;снято
Шампунь для всех типов волос «Медовый»;626;снято
Шампунь для нормальных волос  «Морской бриз»;627;снято
Шампунь для нормальных и жирных волос «Свежесть»;629;снято
Шампунь для всех типов волос  «СемьЯ»;630;снято
Шампунь для всех типов волос  «Травяной коктейль»;631;снято
Шампунь детский «Чистюлька»;632;снято
Фреш-Ролл - охлаждающий гель  для ухода за кожей вокруг глаз;657;0,045
Ингалятор по типу Махольда;677;снято
Для ногтей - аромабальзам для ухода за ногтями и кутикулой;689;
Морская соль для ванн "Принцесса";705;снято
Азалии абсолю эфирное масло;706;снято
"НЕТ NET" - 2 в 1 биокомплекс для борьбы с куперозом;723;0,25
Детское мыло "Принцесса";730;снято
Отруби пшеничные с добавлением злаков, овощей и лекарственных растений ;738;снято
Гель для умывания;759;снято
Гель для умывания;760;снято
Гель для умывания для чувствительной кожи;761;снято
Шампунь для любого типа волос с кондиционером «Нежность»;762;снято
Шампунь для всех типов волос «Хна»;763;снято
Гель для душа "Нежность";782;снято
Крем для волос "морской бриз";783;снято
Крем для волос "Травяной коктейль";784;снято
Крем для укрепления волос с хной;785;снято
Шампунь для жирных и нормальных волос  «Хна+1»;788;снято
Шампунь для нормальных и сухих волос «Хна+2»;789;снято
Шампунь для нормальных и сухих волос «Хна+3»;790;снято
Шампунь увлажняющий с кондиционером " Шоколадница";791;снято
Крымское мыло натуральное "Миндальное";837;снято
Сувенирный набор мыла "Алупка";853;0,16
Сувенирный набор мыла "Херсонес";864;0,16
Сахарный скраб "Апельсин с корицей";866;снято
Сахарный скраб "Крымские травы";867;снято
Антицеллюлитный  фреш-скраб "Мята с ламинарией";868;снято
Сахарный скраб "Лимон с красным перцем";869;снято
Сахарный скраб "Зеленый чай с алое";870;снято
Сахарный скраб "Роза с вином";871;снято
Сахарный скраб "Лаванда с можжевельником";872;снято
Сахарный скраб "Голубая и белая глина";873;снято
Сахарный скраб "Шоколад с медом";874;снято
Сахарный скраб "Козье молоко с ванилью";875;снято
Соляной скраб с лепестками Чайной Розы;876;снято
Соляной скраб "Сакская Грязь";877;снято
Соляной скраб с голубой глиной "Лавандовый";878;снято
Соляной скраб "Кофейный" с пряностями;879;снято
Соляной скраб "Имбирный" на оливковом масле;880;снято
Соляной скраб "Антицеллюлитный" с ламинарией;881;снято
"Алфит Школьный-1" противопростудный;882;снято
"Алфит Школьный-2" иммуномодулирующий;883;снято
"Алфит Школьный-3" кровоочистительный;884;снято
"Алфит Школьный-4" противопаразитарный;885;снято
"Алфит Школьный-5" общеукрепляющий и повышающий концентрацию внимания;886;снято
Отруби пшеничные с добавлением злаков, фруктов, ягод и лекарственных растений;887;снято
Липовый чай;888;снято
Земляничный чай;889;снято
Малиновый чай;890;снято
Имбирный чай;891;снято
Стиральный порошок для белого белья;947;снято
Стиральный порошок для детской одежды;948;снято
Стиральный порошок для цветной ткани;949;снято
Стиральный порошок универсальный;951;снято
Гель для интимной гигиены "Календула с Ромашкой";953;снято
Гель для тела "Череда с Ромашкой";954;снято
Мочалка с мылом и травамиB153;955;снято
Шампунь "Алое Вера";956;снято
Шампунь "Дегтярный";958;снято
Шампунь "Медовый";960;снято
Шампунь "Оливковый";961;снято
Шампунь "C хмелем";962;снято
Шампунь "Лаванда";964;снято
Шампунь детский "C Ромашкой";965;снято
Шампунь "Крапива и Лопух";966;снято
Шампунь "Ментоловый";968;снято
Шампунь на основе сыворотки;969;снято
Шампунь "Яичный";970;снято
Мыло для посуды "Горчица";972;снято
Мыло для детских вещей;973;снято
Мыло для интимной гигиены;974;снято
Мыло для бритья для мужчин;976;снято
Мыло для тела для мужчин;978;снято
Моющее средство для посуды;979;снято
Эфирное масло базилика;10;0,033
Эфирное масло бархатцев;11;0,033
Эфирное масло азалии абсолю;116;0,033
Эфирное масло базилика;69;0,043
Эфирное масло бархатцев;70;0,043
Эфирное масло гвоздики;74;0,043
Бельди мыло-скраб "С ягодами можжевельника";798;снято
Бельди мыло-скраб "С листьями эвкалипта";800;снято
Бельди мыло-скраб "С крымской розой";802;снято
Бельди мыло-скраб "С лавандой";804;снято
Бельди мыло-скраб "С грязью Сакского озера";807;снято
Бельди мыло-скраб "С морской солью и ламинарией";809;снято
Бельди мыло-скраб "С горными травами";812;снято
Бельди мыло-скраб "С красным вином" ;813;снято
